Date,Open,High,Low,Close,Volume,Dividends,Stock Splits,Capital Gains
2024-01-30 00:00:00-05:00,42.32809597030298,42.353491794484384,42.141851314632866,42.18925857543945,5000,0.0,0.0,0.0
2024-01-31 00:00:00-05:00,41.87941424975585,41.87941424975585,41.59920120239258,41.59920120239258,19200,0.0,0.0,0.0
2024-02-01 00:00:00-05:00,41.81170001723704,41.99794470557759,41.71688547899181,41.94207000732422,11800,0.0,0.0,0.0
2024-02-02 00:00:00-05:00,45.46038332180529,45.46038332180529,42.06566764872647,42.46186065673828,53400,0.0,0.0,0.0
2024-02-05 00:00:00-05:00,42.64131909928623,42.64131909928623,42.285764675564046,42.44745635986328,25600,0.0,0.0,0.0
2024-02-06 00:00:00-05:00,42.8783577620642,42.8783577620642,42.20788095114166,42.33655548095703,20500,0.0,0.0,0.0
2024-02-07 00:00:00-05:00,42.785241217838966,42.83603286743164,42.532965475562115,42.83603286743164,44900,0.0,0.0,0.0
2024-02-08 00:00:00-05:00,42.912226066594826,42.912226066594826,42.734448823927465,42.77000427246094,7800,0.0,0.0,0.0
2024-02-09 00:00:00-05:00,43.11539702355272,43.14079284667969,42.8444974789407,43.14079284667969,21100,0.0,0.0,0.0
2024-02-12 00:00:00-05:00,43.28471913848575,43.28471913848575,42.92069719344018,43.225460052490234,15500,0.0,0.0,0.0
2024-02-13 00:00:00-05:00,42.59053319905646,43.28471374511719,42.30693248926894,43.28471374511719,40500,0.0,0.0,0.0
2024-02-14 00:00:00-05:00,42.9460866384963,42.9460866384963,42.58206474755809,42.869895935058594,29700,0.0,0.0,0.0
2024-02-15 00:00:00-05:00,42.979948503274066,42.979948503274066,42.79370384991142,42.89529037475586,8600,0.0,0.0,0.0
2024-02-16 00:00:00-05:00,43.03920096747034,43.03920096747034,42.68364334106445,42.68364334106445,18700,0.0,0.0,0.0
2024-02-20 00:00:00-05:00,42.59900054972323,42.59900054972323,42.20958279592427,42.4296875,17700,0.0,0.0,0.0
2024-02-21 00:00:00-05:00,42.39027090383703,42.39027090383703,42.13325697805706,42.32173538208008,16000,0.594,0.0,0.0
2024-02-22 00:00:00-05:00,43.238429338428006,43.324099575254984,43.0071157772631,43.30696487426758,21700,0.0,0.0,0.0
2024-02-23 00:00:00-05:00,43.48687222973695,43.48687222973695,43.22129254754894,43.298397064208984,30800,0.0,0.0,0.0
2024-02-26 00:00:00-05:00,43.349794329651644,43.41833312464765,43.25384263114492,43.27268981933594,53500,0.0,0.0,0.0
2024-02-27 00:00:00-05:00,43.36693572998047,43.39263941613083,43.20416096887546,43.36693572998047,21000,0.0,0.0,0.0
2024-02-28 00:00:00-05:00,43.28981872526269,43.28981872526269,43.127044011093275,43.195579528808594,28800,0.0,0.0,0.0
2024-02-29 00:00:00-05:00,43.409763331811774,43.52970622081837,43.28125799575476,43.52113723754883,21000,0.0,0.0,0.0
2024-03-01 00:00:00-05:00,43.52114241062144,43.96663481841287,43.52114241062144,43.93236541748047,27100,0.0,0.0,0.0
2024-03-04 00:00:00-05:00,43.975198814862935,44.03516862563766,43.820989796268044,43.82955551147461,56600,0.0,0.0,0.0
2024-03-05 00:00:00-05:00,43.70103554313721,43.73530493127166,43.120184774369235,43.25554656982422,41300,0.0,0.0,0.0
2024-03-06 00:00:00-05:00,43.67534440394009,43.69247910164327,43.40119577690794,43.48686599731445,29100,0.0,0.0,0.0
2024-03-07 00:00:00-05:00,43.72674887236866,44.009463216624304,43.6727760447896,43.949493408203125,27300,0.0,0.0,0.0
2024-03-08 00:00:00-05:00,44.600600361841266,44.600600361841266,43.435467013510824,43.52113723754883,28300,0.0,0.0,0.0
2024-03-11 00:00:00-04:00,43.46117377659313,43.649652218744116,43.212725515232286,43.37550354003906,75600,0.0,0.0,0.0
2024-03-12 00:00:00-04:00,43.62393468804603,43.91350548612046,43.37548977364599,43.89808654785156,47500,0.0,0.0,0.0
2024-03-13 00:00:00-04:00,43.86381885340209,43.86381885340209,43.56396657281155,43.66677474975586,59800,0.0,0.0,0.0
2024-03-14 00:00:00-04:00,43.7867172515236,43.7867172515236,43.37549432086869,43.53826904296875,35400,0.0,0.0,0.0
2024-03-15 00:00:00-04:00,43.40975795325339,43.658206147533754,43.04993913514458,43.17844772338867,90200,0.0,0.0,0.0
2024-03-18 00:00:00-04:00,43.76101776682447,43.803852876904756,43.52113526777794,43.55540466308594,204500,0.0,0.0,0.0
2024-03-19 00:00:00-04:00,43.40975286288908,43.658201028035634,43.194717841838425,43.649635314941406,150200,0.0,0.0,0.0
2024-03-20 00:00:00-04:00,43.75802013605806,44.04413187561363,43.60195798452501,44.00078201293945,102900,0.605,0.0,0.0
2024-03-21 00:00:00-04:00,44.44296037571655,44.44296037571655,44.18285786611842,44.2262077331543,77000,0.0,0.0,0.0
2024-03-22 00:00:00-04:00,44.20019006160534,44.33891159414643,44.130830949025906,44.278221130371094,104300,0.0,0.0,0.0
2024-03-25 00:00:00-04:00,44.26088578348524,44.273890411927425,44.018123899544264,44.2001953125,179300,0.0,0.0,0.0
2024-03-26 00:00:00-04:00,44.37360270839427,44.37360270839427,44.08141857553222,44.14817810058594,102300,0.0,0.0,0.0
2024-03-27 00:00:00-04:00,44.338917218079644,44.35625782526953,44.009452296237,44.24354553222656,131300,0.0,0.0,0.0
2024-03-28 00:00:00-04:00,44.28690151586395,44.29557016631799,44.169853236745936,44.2262077331543,97500,0.0,0.0,0.0
2024-04-01 00:00:00-04:00,44.30423902402975,44.46550370524517,44.14384418450837,44.295570373535156,98900,0.0,0.0,0.0
2024-04-02 00:00:00-04:00,43.9747699521024,44.02245579021734,43.76668599420241,44.01811981201172,143900,0.0,0.0,0.0
2024-04-03 00:00:00-04:00,43.87940723270884,44.234881448337774,43.87940723270884,44.078819274902344,79300,0.0,0.0,0.0
2024-04-04 00:00:00-04:00,44.40827890255741,44.468969373013536,43.5412684018898,43.55860900878906,130700,0.0,0.0,0.0
2024-04-05 00:00:00-04:00,43.68865456593656,44.139500381545616,43.61062349578533,43.974769592285156,79600,0.0,0.0,0.0
2024-04-08 00:00:00-04:00,44.078815249409,44.14817437161109,43.88547227264631,44.00945281982422,88500,0.0,0.0,0.0
2024-04-09 00:00:00-04:00,44.217538021715725,44.226206671961755,43.75802348887215,44.09615707397461,140100,0.0,0.0,0.0
2024-04-10 00:00:00-04:00,43.78402566305719,43.90540659115976,43.688653988867394,43.862056732177734,117000,0.0,0.0,0.0
2024-04-11 00:00:00-04:00,44.03546498706828,44.47763889584002,43.81264331048192,44.451629638671875,144300,0.0,0.0,0.0
2024-04-12 00:00:00-04:00,44.1308434719392,44.17419334302542,43.70600679757464,43.8100471496582,205500,0.0,0.0,0.0
2024-04-15 00:00:00-04:00,44.20019303609914,44.20019303609914,43.159779818334265,43.246482849121094,140300,0.0,0.0,0.0
2024-04-16 00:00:00-04:00,43.22915202397072,43.46324529898733,43.11643971213683,43.25516128540039,78400,0.0,0.0,0.0
2024-04-17 00:00:00-04:00,43.44589691656403,43.463237523542695,42.691598703596576,42.79563903808594,113000,0.0,0.0,0.0
2024-04-18 00:00:00-04:00,42.85632401889921,42.98637690088801,42.48350928507229,42.55287170410156,125800,0.0,0.0,0.0
2024-04-19 00:00:00-04:00,42.44016216037815,42.483512021372455,41.56014708340233,41.70320129394531,177000,0.0,0.0,0.0
2024-04-22 00:00:00-04:00,42.00666878383078,42.33613377360285,41.625181961763126,42.09336853027344,162500,0.0,0.0,0.0
2024-04-23 00:00:00-04:00,42.35345405515121,42.830312391086636,42.310104199352175,42.72626876831055,199700,0.0,0.0,0.0
2024-04-24 00:00:00-04:00,43.03952878281329,43.162372979634355,42.65344654319664,42.89036178588867,155500,0.587,0.0,0.0
2024-04-25 00:00:00-04:00,42.170845229570375,42.723644145712484,42.03132835628113,42.64467239379883,141700,0.0,0.0,0.0
2024-04-26 00:00:00-04:00,43.021981003125035,43.44316255935056,42.95003178989861,43.30276870727539,205000,0.0,0.0,0.0
2024-04-29 00:00:00-04:00,43.54846068289317,43.56601033289954,43.2325736772855,43.46071243286133,114400,0.0,0.0,0.0
2024-04-30 00:00:00-04:00,43.346640589064066,43.43438548346272,42.688543839314626,42.714866638183594,103400,0.0,0.0,0.0
2024-05-01 00:00:00-04:00,42.59202629742128,43.03953065491367,42.390210344257774,42.521827697753906,155000,0.0,0.0,0.0
2024-05-02 00:00:00-04:00,42.82893968747814,42.96845655308301,42.401615939713466,42.89036178588867,108200,0.0,0.0,0.0
2024-05-03 00:00:00-04:00,43.574783595756834,43.58355674715572,43.34664483959734,43.5396842956543,96100,0.0,0.0,0.0
2024-05-06 00:00:00-04:00,43.7063989055116,43.87311553955078,43.63620031396684,43.87311553955078,106900,0.0,0.0,0.0
2024-05-07 00:00:00-04:00,43.90822396906862,44.002988070663086,43.85557501445807,43.92577362060547,87800,0.0,0.0,0.0
2024-05-08 00:00:00-04:00,43.76783010402759,44.009130281338294,43.741503953095425,43.92577362060547,86200,0.0,0.0,0.0
2024-05-09 00:00:00-04:00,43.96965091915771,44.01352337920558,43.81346134635281,43.978424072265625,112800,0.0,0.0,0.0
2024-05-10 00:00:00-04:00,44.14513069093529,44.18022663995547,43.960861059126984,44.07493209838867,101100,0.0,0.0,0.0
2024-05-13 00:00:00-04:00,44.23288157264921,44.23288157264921,44.062653644656514,44.13636016845703,159600,0.0,0.0,0.0
2024-05-14 00:00:00-04:00,44.153918012992264,44.364510510970625,44.10126905168412,44.33818435668945,105700,0.0,0.0,0.0
2024-05-15 00:00:00-04:00,44.504891063714,44.72425664924531,44.390820022006814,44.70670700073242,112500,0.0,0.0,0.0
2024-05-16 00:00:00-04:00,44.75935529689222,44.829553895175,44.66283724513349,44.697933197021484,103400,0.0,0.0,0.0
2024-05-17 00:00:00-04:00,44.74181485947285,44.75058801178151,44.58387133988626,44.680389404296875,115200,0.0,0.0,0.0
2024-05-20 00:00:00-04:00,44.75058375918591,44.87342796335644,44.71987270814327,44.82955551147461,312500,0.0,0.0,0.0
2024-05-21 00:00:00-04:00,44.77690175018952,44.90852243894767,44.750578951339165,44.89974594116211,144300,0.0,0.0,0.0
2024-05-22 00:00:00-04:00,44.95570257422367,44.98234792626863,44.75232722411417,44.86689376831055,160000,0.613,0.0,0.0
2024-05-23 00:00:00-04:00,45.071158973466595,45.10668385273392,44.698157904676464,44.77808380126953,132500,0.0,0.0,0.0
2024-05-24 00:00:00-04:00,44.94682929435174,45.0711629950424,44.849137561569286,45.01787567138672,132700,0.0,0.0,0.0
2024-05-28 00:00:00-04:00,45.115561040756525,45.146644461544966,44.96902346225153,45.08003616333008,196500,0.0,0.0,0.0
2024-05-29 00:00:00-04:00,44.96459179760615,45.02675864803725,44.884662505931985,44.91130447387695,128500,0.0,0.0,0.0
2024-05-30 00:00:00-04:00,44.98234273084425,44.98234273084425,44.68038808264086,44.72479248046875,152100,0.0,0.0,0.0
2024-05-31 00:00:00-04:00,44.8047291546395,44.80917061150766,44.27186612914638,44.77808380126953,191900,0.0,0.0,0.0
2024-06-03 00:00:00-04:00,45.062278420749955,45.062278420749955,44.52053588170398,44.8491325378418,178300,0.0,0.0,0.0
2024-06-04 00:00:00-04:00,44.9201863614394,45.025870004756094,44.760327781745794,44.98235321044922,108200,0.0,0.0,0.0
2024-06-05 00:00:00-04:00,45.15997078840754,45.47080842091911,45.09780393947306,45.4619255065918,137500,0.0,0.0,0.0
2024-06-06 00:00:00-04:00,45.56849651619332,45.62178044654968,45.430838457815256,45.51520919799805,171100,0.0,0.0,0.0
2024-06-07 00:00:00-04:00,45.53296661376953,45.701704687679424,45.43527490177593,45.53296661376953,170200,0.0,0.0,0.0
2024-06-10 00:00:00-04:00,45.506332340170985,45.64842847585031,45.47080745929138,45.6129035949707,151500,0.0,0.0,0.0
2024-06-11 00:00:00-04:00,45.5862579560509,45.79052092289567,45.49744576100611,45.77275848388672,115200,0.0,0.0,0.0
2024-06-12 00:00:00-04:00,46.00366097620017,46.181281969033414,45.92373169881714,46.10135269165039,140300,0.0,0.0,0.0
2024-06-13 00:00:00-04:00,46.30561712442134,46.30561712442134,46.092474636494934,46.2168083190918,263600,0.0,0.0,0.0
2024-06-14 00:00:00-04:00,46.21680209285056,46.2878484499752,46.15463525992712,46.25232696533203,146300,0.0,0.0,0.0
2024-06-17 00:00:00-04:00,46.323382256555135,46.56139488267906,46.25233588572822,46.50100326538086,193000,0.0,0.0,0.0
2024-06-18 00:00:00-04:00,46.53652553622736,46.53652553622736,46.42107137878629,46.483238220214844,231900,0.0,0.0,0.0
2024-06-20 00:00:00-04:00,46.625336699463375,46.625336699463375,46.270094683760455,46.3677864074707,231100,0.0,0.0,0.0
2024-06-21 00:00:00-04:00,46.42107263534766,46.43794746071756,46.252334545165304,46.35890579223633,242500,0.0,0.0,0.0
2024-06-24 00:00:00-04:00,46.3677851782974,46.385547617395574,46.181284649524876,46.19904708862305,209300,0.0,0.0,0.0
2024-06-25 00:00:00-04:00,46.296742637641835,46.42995586013416,46.22569287537463,46.38555145263672,169500,0.0,0.0,0.0
2024-06-26 00:00:00-04:00,46.397234948063506,46.44217540519492,46.3343176223321,46.42420196533203,175700,0.623,0.0,0.0
2024-06-27 00:00:00-04:00,46.39723793948307,46.50509915803724,46.39723793948307,46.49610900878906,423400,0.0,0.0,0.0
2024-06-28 00:00:00-04:00,46.56800604274107,46.65788694263884,46.38734248523313,46.388240814208984,232300,0.0,0.0,0.0
2024-07-01 00:00:00-04:00,46.469139167717245,46.60306220061195,46.172525999698216,46.58598709106445,176200,0.0,0.0,0.0
2024-07-02 00:00:00-04:00,46.56801274536441,46.94551669375377,46.4988036881597,46.92753982543945,261700,0.0,0.0,0.0
2024-07-03 00:00:00-04:00,46.93652429835235,47.17920684814453,46.92753415091378,47.17920684814453,149500,0.0,0.0,0.0
2024-07-05 00:00:00-04:00,47.28706976971275,47.52076219753473,47.21516229731399,47.466835021972656,219100,0.0,0.0,0.0
2024-07-08 00:00:00-04:00,47.61065063628101,47.61065063628101,47.4398720890021,47.547733306884766,250200,0.0,0.0,0.0
2024-07-09 00:00:00-04:00,47.628620572368526,47.682547744722086,47.489300710069294,47.55671310424805,257300,0.0,0.0,0.0
2024-07-10 00:00:00-04:00,47.72749133437419,47.8623161315918,47.6106468341051,47.8623161315918,136100,0.0,0.0,0.0
2024-07-11 00:00:00-04:00,47.90725776727648,47.90725776727648,47.18999682304268,47.287071228027344,296600,0.0,0.0,0.0
2024-07-12 00:00:00-04:00,47.32302171057284,47.727489226891706,47.29875311099581,47.448856353759766,223800,0.0,0.0,0.0
2024-07-15 00:00:00-04:00,47.64659602874468,47.79040754234001,47.43088047272016,47.53873825073242,202500,0.0,0.0,0.0
2024-07-16 00:00:00-04:00,47.66457066503945,47.6735608128828,47.39492451826426,47.59266662597656,189800,0.0,0.0,0.0
2024-07-17 00:00:00-04:00,47.20617254894405,47.242126282836686,46.63092652160901,46.693843841552734,329000,0.0,0.0,0.0
2024-07-18 00:00:00-04:00,46.96349166454329,46.98955692248793,46.24443410470915,46.478126525878906,207500,0.0,0.0,0.0
2024-07-19 00:00:00-04:00,46.585985884867426,46.6399130567569,46.064667031690746,46.14556121826172,126100,0.0,0.0,0.0
2024-07-22 00:00:00-04:00,46.55901194735634,46.81787467738803,46.37924673406815,46.73877716064453,228300,0.0,0.0,0.0
2024-07-23 00:00:00-04:00,46.78372336529795,46.88079775819259,46.57699454462838,46.60395812988281,238300,0.0,0.0,0.0
2024-07-24 00:00:00-04:00,46.19369038961679,46.19369038961679,45.12026443319147,45.17484664916992,296700,0.619,0.0,0.0
2024-07-25 00:00:00-04:00,45.22033454747901,45.56601500905717,44.478035075956434,44.67452621459961,276400,0.0,0.0,0.0
2024-07-26 00:00:00-04:00,45.11116994135274,45.38407408581075,44.87010455591209,45.129364013671875,177500,0.0,0.0,0.0
2024-07-29 00:00:00-04:00,45.45685104354407,45.547817936312946,45.04294370006729,45.2749137878418,119600,0.0,0.0,0.0
2024-07-30 00:00:00-04:00,45.46595140565522,45.46595140565522,44.36068653167813,44.69272232055664,184700,0.0,0.0,0.0
2024-07-31 00:00:00-04:00,45.593302500174275,46.04814391549571,45.48414153214323,45.91169357299805,186500,0.0,0.0,0.0
2024-08-01 00:00:00-04:00,46.002658717684746,46.239178187944965,44.66542389706625,44.97471618652344,153300,0.0,0.0,0.0
2024-08-02 00:00:00-04:00,44.35613510864344,44.40162202816688,43.63748828038093,44.02865219116211,361800,0.0,0.0,0.0
2024-08-05 00:00:00-04:00,41.52702590471946,43.417346171834104,41.52702590471946,42.755096435546875,460700,0.0,0.0,0.0
2024-08-06 00:00:00-04:00,42.82787208662836,43.91948877747056,42.75509578981764,43.25542068481445,226700,0.0,0.0,0.0
2024-08-07 00:00:00-04:00,43.95587392625937,44.124166498526,42.75509287214423,42.791481018066406,349500,0.0,0.0,0.0
2024-08-08 00:00:00-04:00,43.41915885381513,44.10142094165665,43.13715594158143,43.99225997924805,255100,0.0,0.0,0.0
2024-08-09 00:00:00-04:00,43.96497466312161,44.41981609698715,43.828520844896055,44.292457580566406,122300,0.0,0.0,0.0
2024-08-12 00:00:00-04:00,44.30155482126149,44.61994242589646,44.128712861461395,44.34703826904297,164000,0.0,0.0,0.0
2024-08-13 00:00:00-04:00,44.70181385225145,45.352237216563665,44.70181385225145,45.338592529296875,228000,0.0,0.0,0.0
2024-08-14 00:00:00-04:00,45.4659459451465,45.556916307280346,45.02929861739754,45.42955780029297,143500,0.0,0.0,0.0
2024-08-15 00:00:00-04:00,45.96627025187086,46.36198351463908,45.8571092887558,46.31195068359375,128300,0.0,0.0,0.0
2024-08-16 00:00:00-04:00,46.275563043557966,46.49388844233223,46.1427494381016,46.384727478027344,112000,0.0,0.0,0.0
2024-08-19 00:00:00-04:00,46.502985880857125,46.89414978027344,46.30285801546051,46.89414978027344,256700,0.0,0.0,0.0
2024-08-20 00:00:00-04:00,46.88505529190213,47.02150563838032,46.67946538378431,46.84866714477539,217100,0.0,0.0,0.0
2024-08-21 00:00:00-04:00,46.9168380756819,47.09186526497099,46.751021364099294,47.00895690917969,239100,0.644,0.0,0.0
2024-08-22 00:00:00-04:00,47.18398621043586,47.18398621043586,46.32726773075378,46.36411666870117,229900,0.0,0.0,0.0
2024-08-23 00:00:00-04:00,46.80629474181153,47.0522542058356,46.437812379846775,46.86156463623047,158000,0.0,0.0,0.0
2024-08-26 00:00:00-04:00,46.898413235642394,46.898413235642394,46.31345126792561,46.48387145996094,169400,0.0,0.0,0.0
2024-08-27 00:00:00-04:00,46.410178918734616,46.695749419998705,46.1983027837583,46.62205505371094,172900,0.0,0.0,0.0
2024-08-28 00:00:00-04:00,46.612833806590196,46.65889673172252,45.90443184202083,46.19829559326172,130500,0.0,0.0,0.0
2024-08-29 00:00:00-04:00,46.32726996171058,46.76944669604852,46.06933089776555,46.16145324707031,135700,0.0,0.0,0.0
2024-08-30 00:00:00-04:00,46.585201304907145,46.73259353637695,46.20750849213402,46.73259353637695,100800,0.0,0.0,0.0
2024-09-03 00:00:00-04:00,46.483869676341115,46.55756755101585,45.36921567769634,45.54424285888672,234400,0.0,0.0,0.0
2024-09-04 00:00:00-04:00,45.341579996775806,45.77454270409342,45.24024717779466,45.50739669799805,151700,0.0,0.0,0.0
2024-09-05 00:00:00-04:00,45.38763837369516,45.820604585229006,45.25867061215945,45.47054672241211,141200,0.0,0.0,0.0
2024-09-06 00:00:00-04:00,45.50739220005459,45.514761283852636,44.39273481554251,44.475643157958984,287800,0.0,0.0,0.0
2024-09-09 00:00:00-04:00,44.871761607751026,45.046792287609726,44.54012822918483,44.95466995239258,145800,0.0,0.0,0.0
2024-09-10 00:00:00-04:00,45.166549203578896,45.33697290004055,44.7842529066045,45.29551696777344,86800,0.0,0.0,0.0
2024-09-11 00:00:00-04:00,45.406065274157726,46.1706614074127,44.69673903360302,46.15223693847656,130800,0.0,0.0,0.0
2024-09-12 00:00:00-04:00,46.20750513215969,46.539138507379064,46.02142258523909,46.45623016357422,131200,0.0,0.0,0.0
2024-09-13 00:00:00-04:00,46.49308472503486,46.74180978655627,46.43781131777183,46.67732238769531,178200,0.0,0.0,0.0
2024-09-16 00:00:00-04:00,46.502291875472054,46.57598974654997,46.27199129951541,46.5483512878418,152400,0.0,0.0,0.0
2024-09-17 00:00:00-04:00,46.778650359647266,46.8237890742933,46.42859602560674,46.55756378173828,155600,0.0,0.0,0.0
2024-09-18 00:00:00-04:00,46.67731824165537,47.05501455324222,46.41017224888328,46.447017669677734,318900,0.0,0.0,0.0
2024-09-19 00:00:00-04:00,47.22083212178411,47.46955718433464,47.073439882581006,47.33137893676758,382800,0.0,0.0,0.0
2024-09-20 00:00:00-04:00,47.31295724612482,47.38665161300009,46.99790688736898,47.294532775878906,223100,0.0,0.0,0.0
2024-09-23 00:00:00-04:00,47.37744115998751,47.48798446741308,47.32308844561707,47.441925048828125,313300,0.0,0.0,0.0
2024-09-24 00:00:00-04:00,47.56167422808874,47.63536858242093,47.257675791935526,47.570884704589844,360000,0.0,0.0,0.0
2024-09-25 00:00:00-04:00,47.56343288714238,47.72188630930757,47.55411377080681,47.62867736816406,224700,0.602,0.0,0.0
2024-09-26 00:00:00-04:00,48.04810828265567,48.04810828265567,47.610038707669105,47.843055725097656,258600,0.0,0.0,0.0
2024-09-27 00:00:00-04:00,47.898978163000564,47.90830083493239,47.638000237830376,47.749847412109375,176400,0.0,0.0,0.0
2024-09-30 00:00:00-04:00,47.591396919607924,47.843055725097656,47.46649729515373,47.843055725097656,245400,0.0,0.0,0.0
2024-10-01 00:00:00-04:00,47.84305022754443,47.84305022754443,47.034946763515094,47.33041000366211,176700,0.0,0.0,0.0
2024-10-02 00:00:00-04:00,47.27449202559854,47.54478905439755,47.07875503539301,47.442264556884766,113900,0.0,0.0,0.0
2024-10-03 00:00:00-04:00,47.283817666186856,47.63800456506032,47.209254061747004,47.414306640625,153000,0.0,0.0,0.0
2024-10-04 00:00:00-04:00,47.768493204253566,47.880340387907324,47.47023167747164,47.87102127075195,185900,0.0,0.0,0.0
2024-10-07 00:00:00-04:00,47.721890842278825,47.768493539498465,47.35838482618459,47.414306640625,175000,0.0,0.0,0.0
2024-10-08 00:00:00-04:00,47.591398124364645,48.00150680541992,47.554114547298454,48.00150680541992,184500,0.0,0.0,0.0
2024-10-09 00:00:00-04:00,47.88965976217809,48.24384307861328,47.88033709010696,48.24384307861328,139100,0.0,0.0,0.0
2024-10-10 00:00:00-04:00,48.131991718256224,48.30908691663547,48.02014455202959,48.22520065307617,139300,0.0,0.0,0.0
2024-10-11 00:00:00-04:00,48.104036900678686,48.363151727808365,48.0648902097695,48.29977035522461,142600,0.0,0.0,0.0
2024-10-14 00:00:00-04:00,48.42093824337784,48.63438192245307,48.41814001953629,48.58871078491211,203800,0.0,0.0,0.0
2024-10-15 00:00:00-04:00,48.60735332962334,48.644633351777195,48.034129877871145,48.141319274902344,263200,0.0,0.0,0.0
2024-10-16 00:00:00-04:00,48.20655886611218,48.2531615557435,47.93625828847029,48.22520065307617,179200,0.0,0.0,0.0
2024-10-17 00:00:00-04:00,48.504825653476566,48.55142834820683,48.25316683526393,48.27180862426758,177300,0.0,0.0,0.0
2024-10-18 00:00:00-04:00,48.50482641683139,48.57659535006816,48.433057483594624,48.53278732299805,248500,0.0,0.0,0.0
2024-10-21 00:00:00-04:00,48.4675403013867,48.63531284072072,48.29044864567082,48.570068359375,352500,0.0,0.0,0.0
2024-10-22 00:00:00-04:00,48.41161341875408,48.708943355376036,48.35569161110089,48.644630432128906,402600,0.0,0.0,0.0
2024-10-23 00:00:00-04:00,48.5220288122983,48.53145813860179,47.85243511895276,48.09763717651367,311000,0.61,0.0,0.0
2024-10-24 00:00:00-04:00,48.38056789107278,48.45601689840834,48.19194897034055,48.40886306762695,219000,0.0,0.0,0.0
2024-10-25 00:00:00-04:00,48.63520610107651,48.918132702025666,48.547500041992556,48.60691452026367,202600,0.0,0.0,0.0
2024-10-28 00:00:00-04:00,48.80495859252977,48.899266252216655,48.62577260008205,48.6540641784668,186600,0.0,0.0,0.0
2024-10-29 00:00:00-04:00,48.62577150454391,48.99357640568537,48.55975542472911,48.9464225769043,149300,0.0,0.0,0.0
2024-10-30 00:00:00-04:00,48.927560104504366,48.97377136016565,48.69650022859144,48.73894119262695,144600,0.0,0.0,0.0
2024-10-31 00:00:00-04:00,48.474874498074676,48.474874498074676,47.824139463880314,47.83357238769531,217900,0.0,0.0,0.0
2024-11-01 00:00:00-04:00,47.9938989818616,48.33341230734488,47.956174479562,48.07877731323242,162500,0.0,0.0,0.0
2024-11-04 00:00:00-05:00,48.09763670736351,48.238155613313786,47.8241394783471,48.04104995727539,170500,0.0,0.0,0.0
2024-11-05 00:00:00-05:00,48.11650582021401,48.53995493939478,48.11650582021401,48.49374008178711,93700,0.0,0.0,0.0
2024-11-06 00:00:00-05:00,49.10674700000732,49.46512257943952,49.050160246115944,49.41796875,448800,0.0,0.0,0.0
2024-11-07 00:00:00-05:00,49.66317270542672,49.93761253615882,49.6160188741986,49.90837478637695,221000,0.0,0.0,0.0
2024-11-08 00:00:00-05:00,49.9083722597507,50.0215457660968,49.88951360629955,49.97439193725586,221500,0.0,0.0,0.0
2024-11-11 00:00:00-05:00,50.0781319211332,50.0781319211332,49.832929837909816,49.964962005615234,296600,0.0,0.0,0.0
2024-11-12 00:00:00-05:00,49.964964395423614,50.030980482433854,49.75748320904463,49.946102142333984,176000,0.0,0.0,0.0
2024-11-13 00:00:00-05:00,49.974397320771885,50.087567241702736,49.807468359612486,49.946102142333984,163400,0.0,0.0,0.0
2024-11-14 00:00:00-05:00,49.99325384086358,50.03097834543149,49.77634333600827,49.81406784057617,189800,0.0,0.0,0.0
2024-11-15 00:00:00-05:00,49.55000094189013,49.56886319319884,48.908698787820555,49.059593200683594,362700,0.0,0.0,0.0
2024-11-18 00:00:00-05:00,49.13504084994496,49.44626261432721,49.069024766156005,49.29536819458008,400100,0.0,0.0,0.0
2024-11-19 00:00:00-05:00,49.07845411528954,49.53113734154937,49.07845411528954,49.502845764160156,259600,0.0,0.0,0.0
2024-11-20 00:00:00-05:00,49.51429717328754,49.52384137740217,49.03718888888115,49.45704650878906,415000,0.612,0.0,0.0
2024-11-21 00:00:00-05:00,49.55246783160902,49.695601776190685,49.113529073628136,49.60972213745117,290100,0.0,0.0,0.0
2024-11-22 00:00:00-05:00,49.571549434249924,49.72422393336408,49.51811354156233,49.69559860229492,253100,0.0,0.0,0.0
2024-11-25 00:00:00-05:00,49.88643963785333,50.010488807494,49.63834493861922,49.791019439697266,256000,0.0,0.0,0.0
2024-11-26 00:00:00-05:00,49.92461029414058,49.981864598348146,49.71468148542682,49.9532356262207,261700,0.0,0.0,0.0
2024-11-27 00:00:00-05:00,49.90552424227782,49.90552424227782,49.57154990977662,49.771934509277344,152300,0.0,0.0,0.0
2024-11-29 00:00:00-05:00,49.79101773281062,50.06774139404297,49.771932965824206,50.06774139404297,135000,0.0,0.0,0.0
2024-12-02 00:00:00-05:00,50.096369456096056,50.47805753654237,50.096369456096056,50.43988800048828,294700,0.0,0.0,0.0
2024-12-03 00:00:00-05:00,50.38263465487673,50.57347869873047,50.287214452973544,50.57347869873047,225400,0.0,0.0,0.0
2024-12-04 00:00:00-05:00,50.76432182264181,50.95516586303711,50.70706751850903,50.95516586303711,291800,0.0,0.0,0.0
2024-12-05 00:00:00-05:00,50.99332712035044,51.00000660655596,50.84065262993206,50.859737396240234,273500,0.0,0.0,0.0
2024-12-06 00:00:00-05:00,50.955167132738445,51.250971944677076,50.9322639544957,51.1460075378418,164100,0.0,0.0,0.0
2024-12-09 00:00:00-05:00,51.126928471140694,51.14314852301057,50.85020477651517,50.90745544433594,195600,0.0,0.0,0.0
2024-12-10 00:00:00-05:00,51.079210422411876,51.10783939395666,50.75477665193314,50.83111572265625,203700,0.0,0.0,0.0
2024-12-11 00:00:00-05:00,51.11738396437015,51.403648221924804,51.10784339980559,51.375022888183594,260000,0.0,0.0,0.0
2024-12-12 00:00:00-05:00,51.30822673045509,51.34543893537673,51.16509278524051,51.21280288696289,224500,0.0,0.0,0.0
2024-12-13 00:00:00-05:00,51.43227767944336,51.564913732428124,51.22234885657335,51.43227767944336,170600,0.0,0.0,0.0
2024-12-16 00:00:00-05:00,51.52769250642068,51.790103507611136,51.4036433385809,51.73762130737305,325600,0.0,0.0,0.0
2024-12-17 00:00:00-05:00,51.76624949530033,51.76624949530033,51.5276953501607,51.604034423828125,336000,0.0,0.0,0.0
2024-12-18 00:00:00-05:00,51.61357441903499,51.69850036353721,50.396946836215776,50.5162239074707,485200,0.0,0.0,0.0
2024-12-19 00:00:00-05:00,50.792946787678886,50.87787273084565,50.34446384199756,50.39217758178711,566600,0.0,0.0,0.0
2024-12-20 00:00:00-05:00,50.10591207472576,51.10784241697061,50.02957663953467,50.735694885253906,363800,0.0,0.0,0.0
2024-12-23 00:00:00-05:00,50.888372739231734,51.21280288696289,50.64504648838594,51.21280288696289,392800,0.0,0.0,0.0
2024-12-24 00:00:00-05:00,51.3788569957332,51.71674728393555,51.311278938092734,51.71674728393555,188800,0.622,0.0,0.0
2024-12-26 00:00:00-05:00,51.687781042741214,51.78528493765732,51.48504689048514,51.69743347167969,359100,0.0,0.0,0.0
2024-12-27 00:00:00-05:00,51.60089623580578,51.62985720635027,50.97338153400527,51.311275482177734,249900,0.0,0.0,0.0
2024-12-30 00:00:00-05:00,50.80926701131522,51.11819632174446,50.53895110264373,50.886497497558594,486100,0.0,0.0,0.0
2024-12-31 00:00:00-05:00,50.98303860718261,51.050616661545604,50.47137146064138,50.558258056640625,251900,0.0,0.0,0.0
2025-01-02 00:00:00-05:00,50.78029999307194,50.94442075313308,50.14313285962691,50.471370697021484,365100,0.0,0.0,0.0
2025-01-03 00:00:00-05:00,50.66445560571488,51.19542763643688,50.63549463324595,51.12784957885742,278400,0.0,0.0,0.0
2025-01-06 00:00:00-05:00,51.504356384277344,51.74570763946651,51.36147759021646,51.504356384277344,435900,0.0,0.0,0.0
2025-01-07 00:00:00-05:00,51.649165735854005,51.687782818389664,50.7127217393666,50.8768424987793,286600,0.0,0.0,0.0
2025-01-08 00:00:00-05:00,50.87684395451758,50.98207053575572,50.53894999675396,50.89615249633789,224600,0.0,0.0,0.0
2025-01-10 00:00:00-05:00,50.71272186549753,50.71272186549753,49.97901570913363,50.3169059753418,402200,0.0,0.0,0.0
2025-01-13 00:00:00-05:00,49.80524389200914,50.21071222262842,49.641123127667186,50.1817512512207,320500,0.0,0.0,0.0
2025-01-14 00:00:00-05:00,50.5292970821204,50.53605488755624,49.872821397443495,50.12382507324219,250600,0.0,0.0,0.0
2025-01-15 00:00:00-05:00,50.78995929096013,51.21473617899215,50.72334610809924,51.12784957885742,227900,0.0,0.0,0.0
2025-01-16 00:00:00-05:00,51.33058032902636,51.395263758137204,50.86236201351035,50.8768424987793,229800,0.0,0.0,0.0
2025-01-17 00:00:00-05:00,51.620205274429985,51.62985770379525,51.320928405918494,51.52366256713867,347800,0.0,0.0,0.0
2025-01-21 00:00:00-05:00,51.803631731978555,51.84224881551961,51.4078158325022,51.7650146484375,747500,0.0,0.0,0.0
2025-01-22 00:00:00-05:00,52.10102386389922,52.30614511024733,52.02386026915585,52.20846939086914,509400,0.624,0.0,0.0
2025-01-23 00:00:00-05:00,52.03265054153974,52.29637945733,52.01311465228603,52.2866096496582,283100,0.0,0.0,0.0
2025-01-24 00:00:00-05:00,52.36475308631015,52.36475308631015,51.99357864352258,52.11079025268555,324700,0.0,0.0,0.0
2025-01-27 00:00:00-05:00,50.79214871266031,51.280534757974344,50.645631408630166,50.96796798706055,702100,0.0,0.0,0.0
2025-01-28 00:00:00-05:00,51.1730926228061,51.681014590720835,50.80191816046647,51.602874755859375,446700,0.0,0.0,0.0
2025-01-29 00:00:00-05:00,51.72008202755791,51.72008202755791,51.202390294956814,51.52472686767578,226100,0.0,0.0,0.0
2025-01-30 00:00:00-05:00,51.67124728265207,51.915440315696564,51.369422815859714,51.72008514404297,289500,0.0,0.0,0.0
2025-01-31 00:00:00-05:00,52.02287948209343,52.28660839153785,51.563799136992216,51.69077682495117,269800,0.0,0.0,0.0
2025-02-03 00:00:00-05:00,51.03634413153319,51.57161559022491,50.75894045725705,51.358680725097656,389600,0.0,0.0,0.0
2025-02-04 00:00:00-05:00,51.4368212636542,51.89590536644677,51.37821359326897,51.87636947631836,445700,0.0,0.0,0.0
2025-02-05 00:00:00-05:00,51.739622082744525,52.052188873291016,51.59310476951146,52.052188873291016,427000,0.0,0.0,0.0
2025-02-06 00:00:00-05:00,52.10102429088278,52.2866096496582,51.99357876303232,52.2866096496582,349100,0.0,0.0,0.0
2025-02-07 00:00:00-05:00,52.325682047780454,52.47219935587333,51.74938634928638,51.82752990722656,470800,0.0,0.0,0.0
2025-02-10 00:00:00-05:00,52.228004517459865,52.36475201302882,52.08148721444181,52.315914154052734,467600,0.0,0.0,0.0
2025-02-11 00:00:00-05:00,52.091256960159505,52.34619229771386,52.07172107137426,52.228004455566406,320600,0.0,0.0,0.0
2025-02-12 00:00:00-05:00,51.86659734592814,52.31591534658371,51.78845751500318,52.2866096496582,350500,0.0,0.0,0.0
2025-02-13 00:00:00-05:00,52.44289384793296,52.80430221557617,52.32861466947226,52.80430221557617,348400,0.0,0.0,0.0
2025-02-14 00:00:00-05:00,52.85313720947185,52.989884702853246,52.77987855913475,52.9605827331543,326600,0.0,0.0,0.0
2025-02-18 00:00:00-05:00,53.15593759402676,53.16570740194964,52.86290669987017,53.05826187133789,668200,0.0,0.0,0.0
2025-02-19 00:00:00-05:00,53.03872268741485,53.20477587698055,52.89220911248131,53.13640213012695,476000,0.0,0.0,0.0
2025-02-20 00:00:00-05:00,53.09733230885891,53.126634279707,52.64801803410218,52.99965286254883,540400,0.0,0.0,0.0
2025-02-21 00:00:00-05:00,53.15593616696611,53.1754720561974,52.168421744821785,52.198699951171875,812600,0.0,0.0,0.0
2025-02-24 00:00:00-05:00,52.3940557383402,52.40382554611657,51.69077862203821,51.739620208740234,953300,0.0,0.0,0.0
2025-02-25 00:00:00-05:00,51.62240580769117,51.660501351747705,50.8214529556466,51.182861328125,507200,0.0,0.0,0.0
2025-02-26 00:00:00-05:00,51.394367804160545,51.71953459822366,50.980249068856416,51.285648345947266,575100,0.614,0.0,0.0
2025-02-27 00:00:00-05:00,51.611806449564426,51.67110522990148,49.92171957486014,50.000789642333984,609800,0.0,0.0,0.0
2025-02-28 00:00:00-05:00,49.98101934142965,50.73315766976552,49.61532972540354,50.71240234375,596000,0.0,0.0,0.0
2025-03-03 00:00:00-05:00,50.95949332312925,51.06820901018147,49.541205096729286,49.832767486572266,609000,0.0,0.0,0.0
2025-03-04 00:00:00-05:00,49.486842442662414,50.356594279543195,48.98278398974525,49.74381637573242,738800,0.0,0.0,0.0
2025-03-05 00:00:00-05:00,49.82288329301332,50.37636242711091,49.338588579394404,50.267642974853516,455200,0.0,0.0,0.0
2025-03-06 00:00:00-05:00,49.56591398469464,49.941485482287035,48.8839478706493,49.08161926269531,508600,0.0,0.0,0.0
2025-03-07 00:00:00-05:00,49.042082940255106,49.5214348280209,48.39965564583889,49.44730758666992,742100,0.0,0.0,0.0
2025-03-10 00:00:00-04:00,48.69616314819995,48.735698181496055,47.318397777003774,47.747344970703125,933000,0.0,0.0,0.0
2025-03-11 00:00:00-04:00,47.737457856400695,48.24052850919472,47.15432932918897,47.62873840332031,592300,0.0,0.0,0.0
2025-03-12 00:00:00-04:00,48.34035275291917,48.46883971899057,47.63862291638813,48.16244888305664,466100,0.0,0.0,0.0
2025-03-13 00:00:00-04:00,48.12291472414426,48.12291472414426,47.13456154933546,47.29269790649414,483700,0.0,0.0,0.0
2025-03-14 00:00:00-04:00,47.856061159637996,48.463900049579614,47.727577955478246,48.41942596435547,502400,0.0,0.0,0.0
2025-03-17 00:00:00-04:00,48.38977052912126,48.99266656893955,48.23360979248998,48.7060432434082,670900,0.0,0.0,0.0
2025-03-18 00:00:00-04:00,48.439189555259965,48.439189555259965,47.72757780208245,47.93513107299805,530900,0.0,0.0,0.0
2025-03-19 00:00:00-04:00,48.142684116305546,48.9432515763972,47.96478023628518,48.547908782958984,563900,0.0,0.0,0.0
2025-03-20 00:00:00-04:00,48.182219289078176,48.88889198946205,48.114022675864156,48.399658203125,719200,0.0,0.0,0.0
2025-03-21 00:00:00-04:00,47.9153635709199,48.597325934252694,47.776994723600346,48.56767654418945,563100,0.0,0.0,0.0
2025-03-24 00:00:00-04:00,49.269406932309884,49.61335720382404,49.200222507936786,49.5560302734375,820200,0.0,0.0,0.0
2025-03-25 00:00:00-04:00,49.615332143001545,49.83276728650134,49.526380202848074,49.81300354003906,959200,0.0,0.0,0.0
2025-03-26 00:00:00-04:00,49.689998626708984,49.779998779296875,48.790000915527344,48.959999084472656,619900,0.587,0.0,0.0
2025-03-27 00:00:00-04:00,48.790000915527344,49.130001068115234,48.53200149536133,48.68000030517578,422000,0.0,0.0,0.0
2025-03-28 00:00:00-04:00,48.540000915527344,48.55699920654297,47.33000183105469,47.439998626708984,847100,0.0,0.0,0.0
2025-03-31 00:00:00-04:00,46.720001220703125,47.52000045776367,46.25,47.43000030517578,683200,0.0,0.0,0.0
2025-04-01 00:00:00-04:00,47.310001373291016,47.779998779296875,47.040000915527344,47.72999954223633,332100,0.0,0.0,0.0
2025-04-02 00:00:00-04:00,47.33000183105469,48.25,47.23899841308594,48.0099983215332,834500,0.0,0.0,0.0
2025-04-03 00:00:00-04:00,46.36000061035156,46.65999984741211,45.779998779296875,45.880001068115234,1181100,0.0,0.0,0.0
2025-04-04 00:00:00-04:00,44.619998931884766,44.83000183105469,43.18000030517578,43.220001220703125,1943400,0.0,0.0,0.0
2025-04-07 00:00:00-04:00,41.709999084472656,45.0,41.16999816894531,43.25,1980900,0.0,0.0,0.0
2025-04-08 00:00:00-04:00,44.709999084472656,45.13999938964844,41.93000030517578,42.5099983215332,1922600,0.0,0.0,0.0
2025-04-09 00:00:00-04:00,42.439998626708984,47.27000045776367,42.422000885009766,47.11000061035156,1667400,0.0,0.0,0.0
2025-04-10 00:00:00-04:00,46.060001373291016,46.178001403808594,44.060001373291016,45.349998474121094,1401300,0.0,0.0,0.0
2025-04-11 00:00:00-04:00,45.2599983215332,46.20000076293945,44.95500183105469,46.11000061035156,653400,0.0,0.0,0.0
2025-04-14 00:00:00-04:00,47.040000915527344,47.099998474121094,46.04999923706055,46.470001220703125,835900,0.0,0.0,0.0
2025-04-15 00:00:00-04:00,46.56999969482422,46.900001525878906,46.41999816894531,46.58000183105469,569500,0.0,0.0,0.0
2025-04-16 00:00:00-04:00,45.77000045776367,46.08000183105469,44.70000076293945,45.31999969482422,835800,0.0,0.0,0.0
2025-04-17 00:00:00-04:00,45.560001373291016,45.64799880981445,45.060001373291016,45.310001373291016,476800,0.0,0.0,0.0
